{
  "project_info": {
    "project_number": "284001933287",
    "firebase_url": "https://fir-testecodelabs.firebaseio.com",
    "project_id": "fir-testecodelabs",
    "storage_bucket": "fir-testecodelabs.appspot.com"
  },
  "client": [
    {
      "client_info": {
        "mobilesdk_app_id": "1:284001933287:android:d9501456426e4e4bc60f42",
        "android_client_info": {
          "package_name": "br.com.araujo.combomakerteste"
        }
      },
      "oauth_client": [
        {
          "client_id": "284001933287-8rudh1p9viol40uqahpkankmm6t2k039.apps.googleusercontent.com",
          "client_type": 3
        }
      ],
      "api_key": [
        {
          "current_key": "AIzaSyCREhgtFxjchfvSHwBnRCqWhrYW3CRSmQ0"
        }
      ],
      "services": {
        "appinvite_service": {
          "other_platform_oauth_client": [
            {
              "client_id": "284001933287-8rudh1p9viol40uqahpkankmm6t2k039.apps.googleusercontent.com",
              "client_type": 3
            }
          ]
        }
      }
    }
  ],
  "configuration_version": "1"
}